Familia;Icono;Video
Oracle Application Container Cloud Service;http://www.oracle.com/webfolder/technetwork/tutorials/obe/cloud/apaas/node-basicRest/images/deploy07.png;https://www.youtube.com/watch?v=HP43DskdZy8
Oracle Java Cloud Service;http://www.oracle.com/webfolder/technetwork/tutorials/obe/cloud/paas/accessdbinstance/images/AccessDBInstance_OBE_open_service_console.jpg;https://www.youtube.com/watch?v=0XtcEUE7kCo&t=51s
Oracle Mobile Cloud Service;http://www.oracle.com/ocom/groups/public/@otn/documents/digitalasset/3218859.png;https://www.youtube.com/watch?v=HlOP0JAQH-M
Oracle Integration Cloud ;https://soamythbusters.files.wordpress.com/2015/05/ics_1.png;https://www.youtube.com/watch?v=kYrvVWtIZTE&list=PLnKIUOr7ATvCFQBBP4gW-HeTbKY6zO24q&index=6
Oracle SOA Suite Cloud Service;https://i1.wp.com/technology.amis.nl/wp-content/uploads/2016/01/image_thumb-85.png?resize=702%2C498&ssl=1;https://www.youtube.com/watch?v=veIvDCiZA8Q
Oracle Internet of Things Cloud;https://www.belltane.com/assets/media/images/internet-of-things-cloud-screenshot-business-intelligence-cloud-integration.png;https://youtu.be/B77_YTks6Ok
Oracle Process Cloud Service;https://i.ytimg.com/vi/aztyttO5nzw/maxresdefault.jpg;https://www.youtube.com/watch?v=aztyttO5nzw
Oracle Database Cloud Service;http://www.oracle.com/webfolder/technetwork/tutorials/obe/cloud/dbaas/obe_dbaas_QS/images/Software%20Edition%20page.jpg;https://www.youtube.com/watch?v=_c6339CYL_Q
Oracle Cloud Infrastructure;https://lh5.googleusercontent.com/3reuIZHCABrMeY-mhGHwrf0cmSLBDOnmM_KRWelo_lK7aXO12qkSU7uETmquyui7lFMR78twd792t2LmID1e_u3bdzpY9zdCkD1BbwblmMONcuxzPjAu4P4skLOsCklwEFJ6WhHT;https://youtu.be/VR_xLXNgPHo
Oracle Cloud Storage;http://www.gokhanatil.com/wp-content/uploads/2016/12/cloudservicepage.png;https://youtu.be/sUZa9j3IAb0
Oracle Inteligent Bot;https://cdn-images-1.medium.com/max/1600/1*WcgIrDxAHRQiPJUe1PYi4A.png;https://youtu.be/hyUMkT9zHVg
Oracle Management Cloud Suite;http://courtneyllamas.com/wp-content/uploads/2015/11/la.png;https://www.youtube.com/watch?v=Q8i45BLzWjw
